Maxitronic Limited,DE767565,Bingauer Strasse 45,Koln,Germany
Telephone Systems,RO874232,Intrarea Telefoanelor 112,Bucuresti,Romania
Office Supplies,RO125678,Bulevardul Papetariei 57,Bucuresti,Romania
Godmother Catering,RO123456,Strada Flamanda 45,Bucuresti,Romania
Clipboard Papers,RO657483,Strada Agrafei 67,Brasov,Romania
Copiers and More,RO874231,Strada Copiatoarelor 33,Brasov,Romania
Maxitronic Limited,DE767565,Bingauer Strasse 45,Koln,Germany
Telephone Systems,RO874232,Intrarea Telefoanelor 112,Bucuresti,Romania
Office Supplies,RO125678,Bulevardul Papetariei 57,Bucuresti,Romania
Godmother Catering,RO123456,Strada Flamanda 45,Bucuresti,Romania
Clipboard Papers,RO657483,Strada Agrafei 67,Brasov,Romania
Copiers and More,RO874231,Strada Copiatoarelor 33,Brasov,Romania
Maxitronic Limited,DE767565,Bingauer Strasse 45,Koln,Germany
Telephone Systems,RO874232,Intrarea Telefoanelor 112,Bucuresti,Romania
Office Supplies,RO125678,Bulevardul Papetariei 57,Bucuresti,Romania
Godmother Catering,RO123456,Strada Flamanda 45,Bucuresti,Romania
Clipboard Papers,RO657483,Strada Agrafei 67,Brasov,Romania
Copiers and More,RO874231,Strada Copiatoarelor 33,Brasov,Romania
Maxitronic Limited,DE767565,Bingauer Strasse 45,Koln,Germany
Telephone Systems,RO874232,Intrarea Telefoanelor 112,Bucuresti,Romania
Office Supplies,RO125678,Bulevardul Papetariei 57,Bucuresti,Romania
Godmother Catering,RO123456,Strada Flamanda 45,Bucuresti,Romania
Clipboard Papers,RO657483,Strada Agrafei 67,Brasov,Romania
Copiers and More,RO874231,Strada Copiatoarelor 33,Brasov,Romania
Softload Export,RO254678,Strada Lunga 189,Brasov,Romania
Godmother Catering,RO123456,Strada Flamanda 45,Bucuresti,Romania
Copiers and More,RO874231,Strada Copiatoarelor 33,Brasov,Romania
